?s	?tripleCount	?types
<https://pmsr.net/ont/DPL1784879596585391>	20	"http://hadatac.org/ont/vstoi#Deployment"
<https://pmsr.net/ont/DPL1784879596740141>	20	"http://hadatac.org/ont/vstoi#Deployment"
<https://pmsr.net/ont/DPL1784879596801451>	20	"http://hadatac.org/ont/vstoi#Deployment"
<https://pmsr.net/ont/DPL1784879596173751>	18	"http://hadatac.org/ont/vstoi#Deployment"
<https://pmsr.net/ont/DPL1784879596211201>	18	"http://hadatac.org/ont/vstoi#Deployment"
<https://pmsr.net/ont/DPL1784879596358801>	18	"http://hadatac.org/ont/vstoi#Deployment"
<https://pmsr.net/ont/DPL1784879596379591>	18	"http://hadatac.org/ont/vstoi#Deployment"
<https://pmsr.net/ont/DPL1784879596409511>	18	"http://hadatac.org/ont/vstoi#Deployment"
<https://pmsr.net/ont/DPL1784879596421821>	18	"http://hadatac.org/ont/vstoi#Deployment"
<https://pmsr.net/ont/DPL1784879596471141>	18	"http://hadatac.org/ont/vstoi#Deployment"
<https://pmsr.net/ont/DPL1784879596521071>	18	"http://hadatac.org/ont/vstoi#Deployment"
<https://pmsr.net/ont/DPL1784879596552051>	18	"http://hadatac.org/ont/vstoi#Deployment"
<https://pmsr.net/ont/DPL1784879596615561>	18	"http://hadatac.org/ont/vstoi#Deployment"
<https://pmsr.net/ont/DPL1784879596777301>	18	"http://hadatac.org/ont/vstoi#Deployment"
<https://pmsr.net/ont/DPL1784879596789841>	18	"http://hadatac.org/ont/vstoi#Deployment"
<https://pmsr.net/ont/DPL1784879596841681>	18	"http://hadatac.org/ont/vstoi#Deployment"
<https://pmsr.net/ont/DPL1784879596851201>	18	"http://hadatac.org/ont/vstoi#Deployment"
<https://pmsr.net/ont/DPL1784879596983281>	18	"http://hadatac.org/ont/vstoi#Deployment"
<https://pmsr.net/ont/INS1739397137461495/CTS/0001>	13	
<https://pmsr.net/ont/INS1739397137461495/CTS/0002>	13	
<https://pmsr.net/ont/INS1739397137461495/CTS/0003>	13	
<https://pmsr.net/ont/INS1739397137461495/CTS/0004>	13	
<https://pmsr.net/ont/INS1739397137461495/CTS/0005>	13	
<https://pmsr.net/ont/INS1739397137461495/CTS/0006>	13	
<https://pmsr.net/ont/INS1739397137461495/CTS/0007>	13	
<https://pmsr.net/ont/INS1739397137461495/CTS/0008>	13	
<https://pmsr.net/ont/INS1739397137461495/CTS/0009>	13	
<https://pmsr.net/ont/DFL1786284423566382>	10	"http://hadatac.org/ont/hasco/DataFile"
<https://pmsr.net/ont/INI1784879596105711>	10	"https://pmsr.net/ont/INS1739397556188145"
<https://pmsr.net/ont/INI1784879596131231>	10	"https://pmsr.net/ont/INS1739397137461495"
<https://pmsr.net/ont/INI1784879596173251>	10	"https://pmsr.net/ont/INS1739397556188145"
<https://pmsr.net/ont/INI1784879596190461>	10	"https://pmsr.net/ont/INS1739397137461495"
<https://pmsr.net/ont/INI1784879596202791>	10	"https://pmsr.net/ont/INS1739823398493725"
<https://pmsr.net/ont/INI1784879596266991>	10	"https://pmsr.net/ont/INS1739823398493725"
<https://pmsr.net/ont/INI1784879596300741>	10	"https://pmsr.net/ont/INS1739397137461495"
<https://pmsr.net/ont/INI1784879596301331>	10	"https://pmsr.net/ont/INS1739397137461495"
<https://pmsr.net/ont/INI1784879596358691>	10	"https://pmsr.net/ont/INS1739397137461495"
<https://pmsr.net/ont/INI1784879596663271>	10	"https://pmsr.net/ont/INS1739397137461495"
<https://pmsr.net/ont/INI1784879596705991>	10	"https://pmsr.net/ont/INS1739397137461495"
<https://pmsr.net/ont/INI1784879596716181>	10	"https://pmsr.net/ont/INS1739397556188145"
<https://pmsr.net/ont/INI1784879596852331>	10	"https://pmsr.net/ont/INS1739397137461495"
<https://pmsr.net/ont/INI1784879596903501>	10	"https://pmsr.net/ont/INS1739397137461495"
<https://pmsr.net/ont/INI1784879596916401>	10	"https://pmsr.net/ont/INS1739823398493725"
<https://pmsr.net/ont/INI1784879596936661>	10	"https://pmsr.net/ont/INS1739397137461495"
<https://pmsr.net/ont/INI1784879596950011>	10	"https://pmsr.net/ont/INS1739397137461495"
<https://pmsr.net/ont/INI1784879596976001>	10	"https://pmsr.net/ont/INS1739397137461495"
<https://pmsr.net/ont/INS1739823398493725/CTS/0001>	10	
<https://pmsr.net/ont/CPI0042658878478>	7	"https://pmsr.net/ont/COM948ef0b0d7a09cc76"
<https://pmsr.net/ont/CPI0224109627489>	7	"https://pmsr.net/ont/COM1738099771423295"
<https://pmsr.net/ont/CPI0294736558787>	7	"https://pmsr.net/ont/COM986d2eae69fc5432a"
<https://pmsr.net/ont/CPI0311274391218>	7	"https://pmsr.net/ont/COM1786054978466647000"
<https://pmsr.net/ont/CPI0311765936067>	7	"https://pmsr.net/ont/COM948ef0b0d7a09cc76"
<https://pmsr.net/ont/CPI0347356302353>	7	"https://pmsr.net/ont/COM9ccf75d269b2b6120"
<https://pmsr.net/ont/CPI0370277807266>	7	"https://pmsr.net/ont/COM910906a6c47d60667"
<https://pmsr.net/ont/CPI0385876926410>	7	"https://pmsr.net/ont/COM9b60fd244446501f2"
<https://pmsr.net/ont/CPI0387944042378>	7	"https://pmsr.net/ont/COM9ce929fda23c7e246"
<https://pmsr.net/ont/CPI0439480507344>	7	"https://pmsr.net/ont/COM93e7212f043f1983f"
<https://pmsr.net/ont/CPI0476680289218>	7	"https://pmsr.net/ont/COM90e60dc984ff6a513"
<https://pmsr.net/ont/CPI0502064983078>	7	"https://pmsr.net/ont/COM1786054978466652000"
<https://pmsr.net/ont/CPI0542986476918>	7	"https://pmsr.net/ont/COM1739399134970895"
<https://pmsr.net/ont/CPI0572375320973>	7	"https://pmsr.net/ont/COM94cb8d9390f7e95ef"
<https://pmsr.net/ont/CPI0574984151883>	7	"https://pmsr.net/ont/COM1738187586682545"
<https://pmsr.net/ont/CPI0615345759015>	7	"https://pmsr.net/ont/COM90e60dc984ff6a513"
<https://pmsr.net/ont/CPI0630162723897>	7	"https://pmsr.net/ont/COM986d2eae69fc5432a"
<https://pmsr.net/ont/CPI0647706382943>	7	"https://pmsr.net/ont/COM9ce929fda23c7e246"
<https://pmsr.net/ont/CPI0679382551864>	7	"https://pmsr.net/ont/COM90e60dc984ff6a513"
<https://pmsr.net/ont/CPI0773067110279>	7	"https://pmsr.net/ont/COM986d2eae69fc5432a"
<https://pmsr.net/ont/CPI0786785861566>	7	"https://pmsr.net/ont/COM916f797ebef7cb097"
<https://pmsr.net/ont/CPI0831323022252>	7	"https://pmsr.net/ont/COM9f281c65dd23087a6"
<https://pmsr.net/ont/CPI0837530856940>	7	"https://pmsr.net/ont/COM1786054978466711000"
<https://pmsr.net/ont/CPI0940636937117>	7	"https://pmsr.net/ont/COM948ef0b0d7a09cc76"
<https://pmsr.net/ont/CPI0941693965836>	7	"https://pmsr.net/ont/COM1786054978466711000"
<https://pmsr.net/ont/CPI0963900985538>	7	"https://pmsr.net/ont/COM1738187818694655"
<https://pmsr.net/ont/CPI0978795890884>	7	"https://pmsr.net/ont/COM931d6340657316a0e"
<https://pmsr.net/ont/CPI1006222817195>	7	"https://pmsr.net/ont/COM986d2eae69fc5432a"
<https://pmsr.net/ont/CPI1061027558794>	7	"https://pmsr.net/ont/COM90e60dc984ff6a513"
<https://pmsr.net/ont/CPI1062194583381>	7	"https://pmsr.net/ont/COM986d2eae69fc5432a"
<https://pmsr.net/ont/CPI1149254991817>	7	"https://pmsr.net/ont/COM93e7212f043f1983f"
<https://pmsr.net/ont/CPI1228183216438>	7	"https://pmsr.net/ont/COM9b60fd244446501f2"
<https://pmsr.net/ont/CPI1272614724265>	7	"https://pmsr.net/ont/COM1738187818694655"
<https://pmsr.net/ont/CPI1328046693086>	7	"https://pmsr.net/ont/COM1738100153764155"
<https://pmsr.net/ont/CPI1336126666404>	7	"https://pmsr.net/ont/COM948ef0b0d7a09cc76"
<https://pmsr.net/ont/CPI1353275160625>	7	"https://pmsr.net/ont/COM93e7212f043f1983f"
<https://pmsr.net/ont/CPI1364291124520>	7	"https://pmsr.net/ont/COM1786054978466711000"
<https://pmsr.net/ont/CPI1525655732121>	7	"https://pmsr.net/ont/COM1786054978466711000"
<https://pmsr.net/ont/CPI1536887366038>	7	"https://pmsr.net/ont/COM93e7212f043f1983f"
<https://pmsr.net/ont/CPI1537243437803>	7	"https://pmsr.net/ont/COM9f281c65dd23087a6"
<https://pmsr.net/ont/CPI1567853262082>	7	"https://pmsr.net/ont/COM93e7212f043f1983f"
<https://pmsr.net/ont/CPI1581033991001>	7	"https://pmsr.net/ont/COM99b3a72b8d17baa57"
<https://pmsr.net/ont/CPI1585228889059>	7	"https://pmsr.net/ont/COM1786054978466652000"
<https://pmsr.net/ont/CPI1630997813394>	7	"https://pmsr.net/ont/COM93e7212f043f1983f"
<https://pmsr.net/ont/CPI1711206826330>	7	"https://pmsr.net/ont/COM948ef0b0d7a09cc76"
<https://pmsr.net/ont/CPI1879732778481>	7	"https://pmsr.net/ont/COM99b3a72b8d17baa57"
<https://pmsr.net/ont/CPI1886751456530>	7	"https://pmsr.net/ont/COM9f281c65dd23087a6"
<https://pmsr.net/ont/CPI1953104334163>	7	"https://pmsr.net/ont/COM1786054978466706000"
<https://pmsr.net/ont/CPI1971847319129>	7	"https://pmsr.net/ont/COM9a53a6e7fef7f48cb"
<https://pmsr.net/ont/CPI2115260540927>	7	"https://pmsr.net/ont/COM97e1b412645fe50a2"
<https://pmsr.net/ont/CPI2136679003342>	7	"https://pmsr.net/ont/COM1786054978466711000"
<https://pmsr.net/ont/CPI2195798807697>	7	"https://pmsr.net/ont/COM9f281c65dd23087a6"
<https://pmsr.net/ont/CPI2385493947917>	7	"https://pmsr.net/ont/COM1738188452521625"
<https://pmsr.net/ont/CPI2399838562343>	7	"https://pmsr.net/ont/COM1786054978466711000"
<https://pmsr.net/ont/CPI2487278576131>	7	"https://pmsr.net/ont/COM9ccf75d269b2b6120"
<https://pmsr.net/ont/CPI2505830231212>	7	"https://pmsr.net/ont/COM90e60dc984ff6a513"
<https://pmsr.net/ont/CPI2512112215984>	7	"https://pmsr.net/ont/COM95cb2c19f033fd086"
<https://pmsr.net/ont/CPI2573421442695>	7	"https://pmsr.net/ont/COM1786054978466482000"
<https://pmsr.net/ont/CPI2597532569735>	7	"https://pmsr.net/ont/COM1786054978466711000"
<https://pmsr.net/ont/CPI2779174299478>	7	"https://pmsr.net/ont/COM910906a6c47d60667"
<https://pmsr.net/ont/CPI2841121039205>	7	"https://pmsr.net/ont/COM9ccf75d269b2b6120"
<https://pmsr.net/ont/CPI2883496993222>	7	"https://pmsr.net/ont/COM986d2eae69fc5432a"
<https://pmsr.net/ont/CPI3054160204214>	7	"https://pmsr.net/ont/COM1786054978466706000"
<https://pmsr.net/ont/CPI3059697525482>	7	"https://pmsr.net/ont/COM94cb8d9390f7e95ef"
<https://pmsr.net/ont/CPI3089947718071>	7	"https://pmsr.net/ont/COM1786054978466706000"
<https://pmsr.net/ont/CPI3174655820890>	7	"https://pmsr.net/ont/COM986d2eae69fc5432a"
<https://pmsr.net/ont/CPI3216351520950>	7	"https://pmsr.net/ont/COM90e60dc984ff6a513"
<https://pmsr.net/ont/CPI3321976440467>	7	"https://pmsr.net/ont/COM96337511110a8ba07"
<https://pmsr.net/ont/CPI3335518337898>	7	"https://pmsr.net/ont/COM96337511110a8ba07"
<https://pmsr.net/ont/CPI3456466255557>	7	"https://pmsr.net/ont/COM1786054978466711000"
<https://pmsr.net/ont/CPI3546774164755>	7	"https://pmsr.net/ont/COM1786054978466477000"
<https://pmsr.net/ont/CPI3959656841687>	7	"https://pmsr.net/ont/COM1739399134970895"
<https://pmsr.net/ont/CPI4202788848154>	7	"https://pmsr.net/ont/COM1786054978466647000"
<https://pmsr.net/ont/CPI4290482162068>	7	"https://pmsr.net/ont/COM1786054978466706000"
<https://pmsr.net/ont/CPI4314765208144>	7	"https://pmsr.net/ont/COM986d2eae69fc5432a"
<https://pmsr.net/ont/CPI4375379800192>	7	"https://pmsr.net/ont/COM1786054978466706000"
<https://pmsr.net/ont/CPI4384864043274>	7	"https://pmsr.net/ont/COM90e60dc984ff6a513"
<https://pmsr.net/ont/CPI4433323671890>	7	"https://pmsr.net/ont/COM1738187586682545"
<https://pmsr.net/ont/CPI4447465951800>	7	"https://pmsr.net/ont/COM93e7212f043f1983f"
<https://pmsr.net/ont/CPI4490531796980>	7	"https://pmsr.net/ont/COM948ef0b0d7a09cc76"
<https://pmsr.net/ont/CPI4532689666221>	7	"https://pmsr.net/ont/COM9b60fd244446501f2"
<https://pmsr.net/ont/CPI4568289153166>	7	"https://pmsr.net/ont/COM1738188452521625"
<https://pmsr.net/ont/CPI4603257198007>	7	"https://pmsr.net/ont/COM931d6340657316a0e"
<https://pmsr.net/ont/CPI4614166735514>	7	"https://pmsr.net/ont/COM93e7212f043f1983f"
<https://pmsr.net/ont/CPI4719063301206>	7	"https://pmsr.net/ont/COM1786054978466706000"
<https://pmsr.net/ont/CPI4722244459683>	7	"https://pmsr.net/ont/COM9f281c65dd23087a6"
<https://pmsr.net/ont/CPI4740989498814>	7	"https://pmsr.net/ont/COM948ef0b0d7a09cc76"
<https://pmsr.net/ont/CPI4747331382402>	7	"https://pmsr.net/ont/COM93e7212f043f1983f"
<https://pmsr.net/ont/CPI4842568002626>	7	"https://pmsr.net/ont/COM948ef0b0d7a09cc76"
<https://pmsr.net/ont/CPI4860657706081>	7	"https://pmsr.net/ont/COM1738100153764155"
<https://pmsr.net/ont/CPI4864228782910>	7	"https://pmsr.net/ont/COM90e60dc984ff6a513"
<https://pmsr.net/ont/CPI4895285967675>	7	"https://pmsr.net/ont/COM916f797ebef7cb097"
<https://pmsr.net/ont/CPI4986482755756>	7	"https://pmsr.net/ont/COM986d2eae69fc5432a"
<https://pmsr.net/ont/CPI5038280342477>	7	"https://pmsr.net/ont/COM1786054978466477000"
<https://pmsr.net/ont/CPI5110675307319>	7	"https://pmsr.net/ont/COM96337511110a8ba07"
<https://pmsr.net/ont/CPI5122485185786>	7	"https://pmsr.net/ont/COM986d2eae69fc5432a"
<https://pmsr.net/ont/CPI5130746492421>	7	"https://pmsr.net/ont/COM9b60fd244446501f2"
<https://pmsr.net/ont/CPI5254971828047>	7	"https://pmsr.net/ont/COM1786054978466477000"
<https://pmsr.net/ont/CPI5286936902472>	7	"https://pmsr.net/ont/COM1786054978466706000"
<https://pmsr.net/ont/CPI5329028945272>	7	"https://pmsr.net/ont/COM96337511110a8ba07"
<https://pmsr.net/ont/CPI5442455551516>	7	"https://pmsr.net/ont/COM1786054978466482000"
<https://pmsr.net/ont/CPI5521402193567>	7	"https://pmsr.net/ont/COM9f281c65dd23087a6"
<https://pmsr.net/ont/CPI5523181803461>	7	"https://pmsr.net/ont/COM1738187586682545"
<https://pmsr.net/ont/CPI5562818936041>	7	"https://pmsr.net/ont/COM1738099771423295"
<https://pmsr.net/ont/CPI5663444629881>	7	"https://pmsr.net/ont/COM93e7212f043f1983f"
<https://pmsr.net/ont/CPI5724034157945>	7	"https://pmsr.net/ont/COM9f281c65dd23087a6"
<https://pmsr.net/ont/CPI5737759123439>	7	"https://pmsr.net/ont/COM97e1b412645fe50a2"
<https://pmsr.net/ont/CPI5926729031377>	7	"https://pmsr.net/ont/COM1738100153764155"
<https://pmsr.net/ont/CPI5932733067414>	7	"https://pmsr.net/ont/COM948ef0b0d7a09cc76"
<https://pmsr.net/ont/CPI6008319939197>	7	"https://pmsr.net/ont/COM1786054978466711000"
<https://pmsr.net/ont/CPI6073081392368>	7	"https://pmsr.net/ont/COM1786054978466711000"
<https://pmsr.net/ont/CPI6092694141056>	7	"https://pmsr.net/ont/COM9b60fd244446501f2"
<https://pmsr.net/ont/CPI6104106460642>	7	"https://pmsr.net/ont/COM96337511110a8ba07"
<https://pmsr.net/ont/CPI6140569112784>	7	"https://pmsr.net/ont/COM1786054978466706000"
<https://pmsr.net/ont/CPI6190232014841>	7	"https://pmsr.net/ont/COM9b60fd244446501f2"
<https://pmsr.net/ont/CPI6257645489513>	7	"https://pmsr.net/ont/COM1786054978466711000"
<https://pmsr.net/ont/CPI6448988670631>	7	"https://pmsr.net/ont/COM948ef0b0d7a09cc76"
<https://pmsr.net/ont/CPI6464560687198>	7	"https://pmsr.net/ont/COM95cb2c19f033fd086"
<https://pmsr.net/ont/CPI6498793785047>	7	"https://pmsr.net/ont/COM95cb2c19f033fd086"
<https://pmsr.net/ont/CPI6564220492770>	7	"https://pmsr.net/ont/COM1738187818694655"
<https://pmsr.net/ont/CPI6630635509574>	7	"https://pmsr.net/ont/COM9b60fd244446501f2"
<https://pmsr.net/ont/CPI6688829059695>	7	"https://pmsr.net/ont/COM96337511110a8ba07"
<https://pmsr.net/ont/CPI6966523132614>	7	"https://pmsr.net/ont/COM1786054978466711000"
<https://pmsr.net/ont/CPI6978218910936>	7	"https://pmsr.net/ont/COM1786054978466652000"
<https://pmsr.net/ont/CPI7060323258903>	7	"https://pmsr.net/ont/COM948ef0b0d7a09cc76"
<https://pmsr.net/ont/CPI7081994501791>	7	"https://pmsr.net/ont/COM99b3a72b8d17baa57"
<https://pmsr.net/ont/CPI7083644432581>	7	"https://pmsr.net/ont/COM1786054978466706000"
<https://pmsr.net/ont/CPI7205111839068>	7	"https://pmsr.net/ont/COM96337511110a8ba07"
<https://pmsr.net/ont/CPI7337874171947>	7	"https://pmsr.net/ont/COM9a53a6e7fef7f48cb"
<https://pmsr.net/ont/CPI7471574996887>	7	"https://pmsr.net/ont/COM93e7212f043f1983f"
<https://pmsr.net/ont/CPI7487522006094>	7	"https://pmsr.net/ont/COM90e60dc984ff6a513"
<https://pmsr.net/ont/CPI7495292343594>	7	"https://pmsr.net/ont/COM1786054978466706000"
<https://pmsr.net/ont/CPI7567470928333>	7	"https://pmsr.net/ont/COM90e60dc984ff6a513"
<https://pmsr.net/ont/CPI7586372340116>	7	"https://pmsr.net/ont/COM9f281c65dd23087a6"
<https://pmsr.net/ont/CPI7599704982262>	7	"https://pmsr.net/ont/COM916f797ebef7cb097"
<https://pmsr.net/ont/CPI7616545118677>	7	"https://pmsr.net/ont/COM1738188452521625"
<https://pmsr.net/ont/CPI7635150395662>	7	"https://pmsr.net/ont/COM94cb8d9390f7e95ef"
<https://pmsr.net/ont/CPI7780955376598>	7	"https://pmsr.net/ont/COM9b60fd244446501f2"
<https://pmsr.net/ont/CPI7802050951193>	7	"https://pmsr.net/ont/COM9ce929fda23c7e246"
<https://pmsr.net/ont/CPI8030268837213>	7	"https://pmsr.net/ont/COM9f281c65dd23087a6"
<https://pmsr.net/ont/CPI8042736800175>	7	"https://pmsr.net/ont/COM1786054978466706000"
<https://pmsr.net/ont/CPI8078012494837>	7	"https://pmsr.net/ont/COM9b60fd244446501f2"
<https://pmsr.net/ont/CPI8091451557297>	7	"https://pmsr.net/ont/COM96337511110a8ba07"
<https://pmsr.net/ont/CPI8124327463169>	7	"https://pmsr.net/ont/COM948ef0b0d7a09cc76"
<https://pmsr.net/ont/CPI8129724613753>	7	"https://pmsr.net/ont/COM986d2eae69fc5432a"
<https://pmsr.net/ont/CPI8207998368627>	7	"https://pmsr.net/ont/COM9f281c65dd23087a6"
<https://pmsr.net/ont/CPI8429992995348>	7	"https://pmsr.net/ont/COM96337511110a8ba07"
<https://pmsr.net/ont/CPI8450441711947>	7	"https://pmsr.net/ont/COM90e60dc984ff6a513"
<https://pmsr.net/ont/CPI8485842196696>	7	"https://pmsr.net/ont/COM1786054978466647000"
<https://pmsr.net/ont/CPI8518853006279>	7	"https://pmsr.net/ont/COM90e60dc984ff6a513"
<https://pmsr.net/ont/CPI8576577202752>	7	"https://pmsr.net/ont/COM9f281c65dd23087a6"
<https://pmsr.net/ont/CPI8639815688873>	7	"https://pmsr.net/ont/COM9a53a6e7fef7f48cb"
<https://pmsr.net/ont/CPI8647315612972>	7	"https://pmsr.net/ont/COM9b60fd244446501f2"
<https://pmsr.net/ont/CPI8732286866374>	7	"https://pmsr.net/ont/COM97e1b412645fe50a2"
<https://pmsr.net/ont/CPI8784544338787>	7	"https://pmsr.net/ont/COM931d6340657316a0e"
<https://pmsr.net/ont/CPI8809523844577>	7	"https://pmsr.net/ont/COM1786054978466482000"
<https://pmsr.net/ont/CPI9031805225759>	7	"https://pmsr.net/ont/COM96337511110a8ba07"
<https://pmsr.net/ont/CPI9089125570149>	7	"https://pmsr.net/ont/COM96337511110a8ba07"
<https://pmsr.net/ont/CPI9095013878324>	7	"https://pmsr.net/ont/COM9b60fd244446501f2"
<https://pmsr.net/ont/CPI9181339482702>	7	"https://pmsr.net/ont/COM96337511110a8ba07"
<https://pmsr.net/ont/CPI9199925660144>	7	"https://pmsr.net/ont/COM9f281c65dd23087a6"
<https://pmsr.net/ont/CPI9241514063403>	7	"https://pmsr.net/ont/COM1739399134970895"
<https://pmsr.net/ont/CPI9269801308798>	7	"https://pmsr.net/ont/COM1786054978466706000"
<https://pmsr.net/ont/CPI9313855264286>	7	"https://pmsr.net/ont/COM986d2eae69fc5432a"
<https://pmsr.net/ont/CPI9694748133873>	7	"https://pmsr.net/ont/COM93e7212f043f1983f"
<https://pmsr.net/ont/CPI9799158101713>	7	"https://pmsr.net/ont/COM9b60fd244446501f2"
<https://pmsr.net/ont/CPI9907785028863>	7	"https://pmsr.net/ont/COM1738099771423295"
<https://pmsr.net/ont/CPI9975888287893>	7	"https://pmsr.net/ont/COM910906a6c47d60667"
<https://pmsr.net/ont/PFI1784879596163411>	7	"http://hadatac.org/ont/vstoi#Laboratory"
<https://pmsr.net/ont/PFI1784879596184541>	7	"http://hadatac.org/ont/vstoi#Laboratory"
<https://pmsr.net/ont/PFI1784879596244291>	7	"http://hadatac.org/ont/vstoi#Laboratory"
<https://pmsr.net/ont/PFI1784879596286511>	7	"http://hadatac.org/ont/vstoi#Laboratory"
<https://pmsr.net/ont/PFI1784879596392551>	7	"http://hadatac.org/ont/vstoi#Laboratory"
<https://pmsr.net/ont/PFI1784879596409401>	7	"http://hadatac.org/ont/vstoi#Laboratory"
<https://pmsr.net/ont/PFI1784879596626901>	7	"http://hadatac.org/ont/vstoi#Laboratory"
<https://pmsr.net/ont/PFI1784879596665921>	7	"http://hadatac.org/ont/vstoi#Laboratory"
<https://pmsr.net/ont/PFI1784879596787471>	7	"http://hadatac.org/ont/vstoi#Laboratory"
<https://pmsr.net/ont/PFI1784879596797081>	7	"http://hadatac.org/ont/vstoi#Laboratory"
<https://pmsr.net/ont/DPC0006592387626>	6	"http://hadatac.org/ont/vstoi#ComponentDeployment"
<https://pmsr.net/ont/DPC0008859563881>	6	"http://hadatac.org/ont/vstoi#ComponentDeployment"
<https://pmsr.net/ont/DPC0126458382377>	6	"http://hadatac.org/ont/vstoi#ComponentDeployment"
<https://pmsr.net/ont/DPC0151562978576>	6	"http://hadatac.org/ont/vstoi#ComponentDeployment"
<https://pmsr.net/ont/DPC0221818051497>	6	"http://hadatac.org/ont/vstoi#ComponentDeployment"
<https://pmsr.net/ont/DPC0240468164976>	6	"http://hadatac.org/ont/vstoi#ComponentDeployment"
<https://pmsr.net/ont/DPC0246799025866>	6	"http://hadatac.org/ont/vstoi#ComponentDeployment"
<https://pmsr.net/ont/DPC0275509838342>	6	"http://hadatac.org/ont/vstoi#ComponentDeployment"
<https://pmsr.net/ont/DPC0318428898423>	6	"http://hadatac.org/ont/vstoi#ComponentDeployment"
<https://pmsr.net/ont/DPC0416979966949>	6	"http://hadatac.org/ont/vstoi#ComponentDeployment"
<https://pmsr.net/ont/DPC0690994823896>	6	"http://hadatac.org/ont/vstoi#ComponentDeployment"
<https://pmsr.net/ont/DPC0781690783224>	6	"http://hadatac.org/ont/vstoi#ComponentDeployment"
<https://pmsr.net/ont/DPC0842825442223>	6	"http://hadatac.org/ont/vstoi#ComponentDeployment"
<https://pmsr.net/ont/DPC0848026675503>	6	"http://hadatac.org/ont/vstoi#ComponentDeployment"
<https://pmsr.net/ont/DPC0860293577452>	6	"http://hadatac.org/ont/vstoi#ComponentDeployment"
<https://pmsr.net/ont/DPC0896735197466>	6	"http://hadatac.org/ont/vstoi#ComponentDeployment"
<https://pmsr.net/ont/DPC0969923236042>	6	"http://hadatac.org/ont/vstoi#ComponentDeployment"
<https://pmsr.net/ont/DPC1122804289259>	6	"http://hadatac.org/ont/vstoi#ComponentDeployment"
<https://pmsr.net/ont/DPC1139849791142>	6	"http://hadatac.org/ont/vstoi#ComponentDeployment"
<https://pmsr.net/ont/DPC1167773714280>	6	"http://hadatac.org/ont/vstoi#ComponentDeployment"
<https://pmsr.net/ont/DPC1327023412827>	6	"http://hadatac.org/ont/vstoi#ComponentDeployment"
<https://pmsr.net/ont/DPC1465051019035>	6	"http://hadatac.org/ont/vstoi#ComponentDeployment"
<https://pmsr.net/ont/DPC1496333892273>	6	"http://hadatac.org/ont/vstoi#ComponentDeployment"
<https://pmsr.net/ont/DPC1545760913587>	6	"http://hadatac.org/ont/vstoi#ComponentDeployment"
<https://pmsr.net/ont/DPC1649026623008>	6	"http://hadatac.org/ont/vstoi#ComponentDeployment"
<https://pmsr.net/ont/DPC1688754849258>	6	"http://hadatac.org/ont/vstoi#ComponentDeployment"
<https://pmsr.net/ont/DPC1722166766415>	6	"http://hadatac.org/ont/vstoi#ComponentDeployment"
<https://pmsr.net/ont/DPC1732631723725>	6	"http://hadatac.org/ont/vstoi#ComponentDeployment"
<https://pmsr.net/ont/DPC1778237604137>	6	"http://hadatac.org/ont/vstoi#ComponentDeployment"
<https://pmsr.net/ont/DPC1878952422247>	6	"http://hadatac.org/ont/vstoi#ComponentDeployment"
<https://pmsr.net/ont/DPC1906186615383>	6	"http://hadatac.org/ont/vstoi#ComponentDeployment"
<https://pmsr.net/ont/DPC1927407701058>	6	"http://hadatac.org/ont/vstoi#ComponentDeployment"
<https://pmsr.net/ont/DPC2024008371319>	6	"http://hadatac.org/ont/vstoi#ComponentDeployment"
<https://pmsr.net/ont/DPC2056398322414>	6	"http://hadatac.org/ont/vstoi#ComponentDeployment"
<https://pmsr.net/ont/DPC2119269584657>	6	"http://hadatac.org/ont/vstoi#ComponentDeployment"
<https://pmsr.net/ont/DPC2167813602804>	6	"http://hadatac.org/ont/vstoi#ComponentDeployment"
<https://pmsr.net/ont/DPC2194792919141>	6	"http://hadatac.org/ont/vstoi#ComponentDeployment"
<https://pmsr.net/ont/DPC2242649295527>	6	"http://hadatac.org/ont/vstoi#ComponentDeployment"
<https://pmsr.net/ont/DPC2321179547346>	6	"http://hadatac.org/ont/vstoi#ComponentDeployment"
<https://pmsr.net/ont/DPC2420625381472>	6	"http://hadatac.org/ont/vstoi#ComponentDeployment"
<https://pmsr.net/ont/DPC2492578302697>	6	"http://hadatac.org/ont/vstoi#ComponentDeployment"
<https://pmsr.net/ont/DPC2663630745890>	6	"http://hadatac.org/ont/vstoi#ComponentDeployment"
<https://pmsr.net/ont/DPC2682520251092>	6	"http://hadatac.org/ont/vstoi#ComponentDeployment"
<https://pmsr.net/ont/DPC2816959105813>	6	"http://hadatac.org/ont/vstoi#ComponentDeployment"
<https://pmsr.net/ont/DPC2902119080694>	6	"http://hadatac.org/ont/vstoi#ComponentDeployment"
<https://pmsr.net/ont/DPC3031835748630>	6	"http://hadatac.org/ont/vstoi#ComponentDeployment"
<https://pmsr.net/ont/DPC3080328399016>	6	"http://hadatac.org/ont/vstoi#ComponentDeployment"
<https://pmsr.net/ont/DPC3083075473130>	6	"http://hadatac.org/ont/vstoi#ComponentDeployment"
<https://pmsr.net/ont/DPC3162232733408>	6	"http://hadatac.org/ont/vstoi#ComponentDeployment"
<https://pmsr.net/ont/DPC3178658969454>	6	"http://hadatac.org/ont/vstoi#ComponentDeployment"
<https://pmsr.net/ont/DPC3190110698537>	6	"http://hadatac.org/ont/vstoi#ComponentDeployment"
<https://pmsr.net/ont/DPC3198218195332>	6	"http://hadatac.org/ont/vstoi#ComponentDeployment"
<https://pmsr.net/ont/DPC3288251478742>	6	"http://hadatac.org/ont/vstoi#ComponentDeployment"
<https://pmsr.net/ont/DPC3352108682095>	6	"http://hadatac.org/ont/vstoi#ComponentDeployment"
<https://pmsr.net/ont/DPC3468742495130>	6	"http://hadatac.org/ont/vstoi#ComponentDeployment"
<https://pmsr.net/ont/DPC3504618413131>	6	"http://hadatac.org/ont/vstoi#ComponentDeployment"
<https://pmsr.net/ont/DPC3526532742425>	6	"http://hadatac.org/ont/vstoi#ComponentDeployment"
<https://pmsr.net/ont/DPC3533463833584>	6	"http://hadatac.org/ont/vstoi#ComponentDeployment"
<https://pmsr.net/ont/DPC3609625619686>	6	"http://hadatac.org/ont/vstoi#ComponentDeployment"
<https://pmsr.net/ont/DPC3664676713700>	6	"http://hadatac.org/ont/vstoi#ComponentDeployment"
<https://pmsr.net/ont/DPC3730589174212>	6	"http://hadatac.org/ont/vstoi#ComponentDeployment"
<https://pmsr.net/ont/DPC3750052160199>	6	"http://hadatac.org/ont/vstoi#ComponentDeployment"
<https://pmsr.net/ont/DPC3770274155561>	6	"http://hadatac.org/ont/vstoi#ComponentDeployment"
<https://pmsr.net/ont/DPC3772259250513>	6	"http://hadatac.org/ont/vstoi#ComponentDeployment"
<https://pmsr.net/ont/DPC3773024197118>	6	"http://hadatac.org/ont/vstoi#ComponentDeployment"
<https://pmsr.net/ont/DPC3851242450203>	6	"http://hadatac.org/ont/vstoi#ComponentDeployment"
<https://pmsr.net/ont/DPC3895617519852>	6	"http://hadatac.org/ont/vstoi#ComponentDeployment"
<https://pmsr.net/ont/DPC3979197542207>	6	"http://hadatac.org/ont/vstoi#ComponentDeployment"
<https://pmsr.net/ont/DPC4015583792764>	6	"http://hadatac.org/ont/vstoi#ComponentDeployment"
<https://pmsr.net/ont/DPC4022079140364>	6	"http://hadatac.org/ont/vstoi#ComponentDeployment"
<https://pmsr.net/ont/DPC4138727533824>	6	"http://hadatac.org/ont/vstoi#ComponentDeployment"
<https://pmsr.net/ont/DPC4175897549684>	6	"http://hadatac.org/ont/vstoi#ComponentDeployment"
<https://pmsr.net/ont/DPC4202136781671>	6	"http://hadatac.org/ont/vstoi#ComponentDeployment"
<https://pmsr.net/ont/DPC4228667592750>	6	"http://hadatac.org/ont/vstoi#ComponentDeployment"
<https://pmsr.net/ont/DPC4373949923662>	6	"http://hadatac.org/ont/vstoi#ComponentDeployment"
<https://pmsr.net/ont/DPC4491025580506>	6	"http://hadatac.org/ont/vstoi#ComponentDeployment"
<https://pmsr.net/ont/DPC4618954068744>	6	"http://hadatac.org/ont/vstoi#ComponentDeployment"
<https://pmsr.net/ont/DPC4655031901582>	6	"http://hadatac.org/ont/vstoi#ComponentDeployment"
<https://pmsr.net/ont/DPC4697246788384>	6	"http://hadatac.org/ont/vstoi#ComponentDeployment"
<https://pmsr.net/ont/DPC4702995801001>	6	"http://hadatac.org/ont/vstoi#ComponentDeployment"
<https://pmsr.net/ont/DPC4818253917846>	6	"http://hadatac.org/ont/vstoi#ComponentDeployment"
<https://pmsr.net/ont/DPC4868704845521>	6	"http://hadatac.org/ont/vstoi#ComponentDeployment"
<https://pmsr.net/ont/DPC4966482624572>	6	"http://hadatac.org/ont/vstoi#ComponentDeployment"
<https://pmsr.net/ont/DPC4990146586087>	6	"http://hadatac.org/ont/vstoi#ComponentDeployment"
<https://pmsr.net/ont/DPC5043434503676>	6	"http://hadatac.org/ont/vstoi#ComponentDeployment"
<https://pmsr.net/ont/DPC5227801755631>	6	"http://hadatac.org/ont/vstoi#ComponentDeployment"
<https://pmsr.net/ont/DPC5234995365675>	6	"http://hadatac.org/ont/vstoi#ComponentDeployment"
<https://pmsr.net/ont/DPC5247134926367>	6	"http://hadatac.org/ont/vstoi#ComponentDeployment"
<https://pmsr.net/ont/DPC5327815484336>	6	"http://hadatac.org/ont/vstoi#ComponentDeployment"
<https://pmsr.net/ont/DPC5420470707068>	6	"http://hadatac.org/ont/vstoi#ComponentDeployment"
<https://pmsr.net/ont/DPC5462099482989>	6	"http://hadatac.org/ont/vstoi#ComponentDeployment"
<https://pmsr.net/ont/DPC5541439961598>	6	"http://hadatac.org/ont/vstoi#ComponentDeployment"
<https://pmsr.net/ont/DPC5663087608752>	6	"http://hadatac.org/ont/vstoi#ComponentDeployment"
<https://pmsr.net/ont/DPC5715377806242>	6	"http://hadatac.org/ont/vstoi#ComponentDeployment"
<https://pmsr.net/ont/DPC5802790301673>	6	"http://hadatac.org/ont/vstoi#ComponentDeployment"
<https://pmsr.net/ont/DPC5898331650990>	6	"http://hadatac.org/ont/vstoi#ComponentDeployment"
<https://pmsr.net/ont/DPC5945446393853>	6	"http://hadatac.org/ont/vstoi#ComponentDeployment"
<https://pmsr.net/ont/DPC6061564203246>	6	"http://hadatac.org/ont/vstoi#ComponentDeployment"
<https://pmsr.net/ont/DPC6071662038270>	6	"http://hadatac.org/ont/vstoi#ComponentDeployment"
<https://pmsr.net/ont/DPC6091800297761>	6	"http://hadatac.org/ont/vstoi#ComponentDeployment"
<https://pmsr.net/ont/DPC6097718962654>	6	"http://hadatac.org/ont/vstoi#ComponentDeployment"
<https://pmsr.net/ont/DPC6140977168027>	6	"http://hadatac.org/ont/vstoi#ComponentDeployment"
<https://pmsr.net/ont/DPC6307229755835>	6	"http://hadatac.org/ont/vstoi#ComponentDeployment"
<https://pmsr.net/ont/DPC6319774378784>	6	"http://hadatac.org/ont/vstoi#ComponentDeployment"
<https://pmsr.net/ont/DPC6388002842001>	6	"http://hadatac.org/ont/vstoi#ComponentDeployment"
<https://pmsr.net/ont/DPC6443846896330>	6	"http://hadatac.org/ont/vstoi#ComponentDeployment"
<https://pmsr.net/ont/DPC6531300646713>	6	"http://hadatac.org/ont/vstoi#ComponentDeployment"
<https://pmsr.net/ont/DPC6536043158866>	6	"http://hadatac.org/ont/vstoi#ComponentDeployment"
<https://pmsr.net/ont/DPC6604433479007>	6	"http://hadatac.org/ont/vstoi#ComponentDeployment"
<https://pmsr.net/ont/DPC6848419820749>	6	"http://hadatac.org/ont/vstoi#ComponentDeployment"
<https://pmsr.net/ont/DPC6878704512825>	6	"http://hadatac.org/ont/vstoi#ComponentDeployment"
<https://pmsr.net/ont/DPC6894935257150>	6	"http://hadatac.org/ont/vstoi#ComponentDeployment"
<https://pmsr.net/ont/DPC6897570679952>	6	"http://hadatac.org/ont/vstoi#ComponentDeployment"
<https://pmsr.net/ont/DPC6906664984616>	6	"http://hadatac.org/ont/vstoi#ComponentDeployment"
<https://pmsr.net/ont/DPC7001722798830>	6	"http://hadatac.org/ont/vstoi#ComponentDeployment"
<https://pmsr.net/ont/DPC7068126795358>	6	"http://hadatac.org/ont/vstoi#ComponentDeployment"
<https://pmsr.net/ont/DPC7209845153715>	6	"http://hadatac.org/ont/vstoi#ComponentDeployment"
<https://pmsr.net/ont/DPC7399319085188>	6	"http://hadatac.org/ont/vstoi#ComponentDeployment"
<https://pmsr.net/ont/DPC7456373427912>	6	"http://hadatac.org/ont/vstoi#ComponentDeployment"
<https://pmsr.net/ont/DPC7456555464394>	6	"http://hadatac.org/ont/vstoi#ComponentDeployment"
<https://pmsr.net/ont/DPC7481576611398>	6	"http://hadatac.org/ont/vstoi#ComponentDeployment"
<https://pmsr.net/ont/DPC7489587237390>	6	"http://hadatac.org/ont/vstoi#ComponentDeployment"
<https://pmsr.net/ont/DPC7539928784273>	6	"http://hadatac.org/ont/vstoi#ComponentDeployment"
<https://pmsr.net/ont/DPC7568380640426>	6	"http://hadatac.org/ont/vstoi#ComponentDeployment"
<https://pmsr.net/ont/DPC7587894143247>	6	"http://hadatac.org/ont/vstoi#ComponentDeployment"
<https://pmsr.net/ont/DPC7697837752735>	6	"http://hadatac.org/ont/vstoi#ComponentDeployment"
<https://pmsr.net/ont/DPC7697871153639>	6	"http://hadatac.org/ont/vstoi#ComponentDeployment"
<https://pmsr.net/ont/DPC7716687297938>	6	"http://hadatac.org/ont/vstoi#ComponentDeployment"
<https://pmsr.net/ont/DPC7767485610163>	6	"http://hadatac.org/ont/vstoi#ComponentDeployment"
<https://pmsr.net/ont/DPC7857375211457>	6	"http://hadatac.org/ont/vstoi#ComponentDeployment"
<https://pmsr.net/ont/DPC7893559306718>	6	"http://hadatac.org/ont/vstoi#ComponentDeployment"
<https://pmsr.net/ont/DPC7913174312036>	6	"http://hadatac.org/ont/vstoi#ComponentDeployment"
<https://pmsr.net/ont/DPC7955989503315>	6	"http://hadatac.org/ont/vstoi#ComponentDeployment"
<https://pmsr.net/ont/DPC8009198178422>	6	"http://hadatac.org/ont/vstoi#ComponentDeployment"
<https://pmsr.net/ont/DPC8039582741016>	6	"http://hadatac.org/ont/vstoi#ComponentDeployment"
<https://pmsr.net/ont/DPC8087479892204>	6	"http://hadatac.org/ont/vstoi#ComponentDeployment"
<https://pmsr.net/ont/DPC8113436875898>	6	"http://hadatac.org/ont/vstoi#ComponentDeployment"
<https://pmsr.net/ont/DPC8290565815989>	6	"http://hadatac.org/ont/vstoi#ComponentDeployment"
<https://pmsr.net/ont/DPC8360291481390>	6	"http://hadatac.org/ont/vstoi#ComponentDeployment"
<https://pmsr.net/ont/DPC8362497252394>	6	"http://hadatac.org/ont/vstoi#ComponentDeployment"
<https://pmsr.net/ont/DPC8384566174144>	6	"http://hadatac.org/ont/vstoi#ComponentDeployment"
<https://pmsr.net/ont/DPC8485418277246>	6	"http://hadatac.org/ont/vstoi#ComponentDeployment"
<https://pmsr.net/ont/DPC8508444247579>	6	"http://hadatac.org/ont/vstoi#ComponentDeployment"
<https://pmsr.net/ont/DPC8563952178774>	6	"http://hadatac.org/ont/vstoi#ComponentDeployment"
<https://pmsr.net/ont/DPC8571215268462>	6	"http://hadatac.org/ont/vstoi#ComponentDeployment"
<https://pmsr.net/ont/DPC8720628960226>	6	"http://hadatac.org/ont/vstoi#ComponentDeployment"
<https://pmsr.net/ont/DPC8736494813405>	6	"http://hadatac.org/ont/vstoi#ComponentDeployment"
<https://pmsr.net/ont/DPC8784654654479>	6	"http://hadatac.org/ont/vstoi#ComponentDeployment"
<https://pmsr.net/ont/DPC8856930221053>	6	"http://hadatac.org/ont/vstoi#ComponentDeployment"
<https://pmsr.net/ont/DPC8918177619285>	6	"http://hadatac.org/ont/vstoi#ComponentDeployment"
<https://pmsr.net/ont/DPC8974819330433>	6	"http://hadatac.org/ont/vstoi#ComponentDeployment"
<https://pmsr.net/ont/DPC8975611408756>	6	"http://hadatac.org/ont/vstoi#ComponentDeployment"
<https://pmsr.net/ont/DPC8997126551405>	6	"http://hadatac.org/ont/vstoi#ComponentDeployment"
<https://pmsr.net/ont/DPC9001129196502>	6	"http://hadatac.org/ont/vstoi#ComponentDeployment"
<https://pmsr.net/ont/DPC9016131745031>	6	"http://hadatac.org/ont/vstoi#ComponentDeployment"
<https://pmsr.net/ont/DPC9047623117665>	6	"http://hadatac.org/ont/vstoi#ComponentDeployment"
<https://pmsr.net/ont/DPC9067333460885>	6	"http://hadatac.org/ont/vstoi#ComponentDeployment"
<https://pmsr.net/ont/DPC9359961389332>	6	"http://hadatac.org/ont/vstoi#ComponentDeployment"
<https://pmsr.net/ont/DPC9492941121957>	6	"http://hadatac.org/ont/vstoi#ComponentDeployment"
<https://pmsr.net/ont/DPC9494478968604>	6	"http://hadatac.org/ont/vstoi#ComponentDeployment"
<https://pmsr.net/ont/DPC9553313564661>	6	"http://hadatac.org/ont/vstoi#ComponentDeployment"
<https://pmsr.net/ont/DPC9690369690523>	6	"http://hadatac.org/ont/vstoi#ComponentDeployment"
<https://pmsr.net/ont/DPC9724326800196>	6	"http://hadatac.org/ont/vstoi#ComponentDeployment"
<https://pmsr.net/ont/DPC9751260576173>	6	"http://hadatac.org/ont/vstoi#ComponentDeployment"
<https://pmsr.net/ont/DPC9757203625353>	6	"http://hadatac.org/ont/vstoi#ComponentDeployment"
<https://pmsr.net/ont/DPC9813771616996>	6	"http://hadatac.org/ont/vstoi#ComponentDeployment"
<https://pmsr.net/ont/DPC9834065518677>	6	"http://hadatac.org/ont/vstoi#ComponentDeployment"
<https://pmsr.net/ont/DPC9934214297988>	6	"http://hadatac.org/ont/vstoi#ComponentDeployment"
<https://pmsr.net/ont/INS1739397556188145/CTS/0001>	4	
<https://pmsr.net/ont/INS1739397556188145/CTS/0002>	4	
<https://pmsr.net/ont/INS1739397556188145/CTS/0003>	4	
<https://pmsr.net/ont/INS1739397556188145/CTS/0004>	4	
<https://pmsr.net/ont/INS1739397556188145/CTS/0005>	4	
<https://pmsr.net/ont/INS1739397556188145/CTS/0006>	4	
<https://pmsr.net/ont/INS1739397556188145/CTS/0007>	4	
<https://pmsr.net/ont/INS1739397556188145/CTS/0008>	4	
<https://pmsr.net/ont/INS1739397556188145/CTS/0009>	4	
<https://pmsr.net/ont/INS1739823398493725/CTS/0002>	4	
<https://pmsr.net/ont/INS1739823398493725/CTS/0003>	4	
<https://pmsr.net/ont/INS1739823398493725/CTS/0004>	4	
<https://pmsr.net/ont/INS1739823398493725/CTS/0005>	4	
<https://pmsr.net/ont/INS1739823398493725/CTS/0006>	4	
<https://pmsr.net/ont/INS1739823398493725/CTS/0007>	4	
<https://pmsr.net/ont/INS1739823398493725/CTS/0008>	4	
<https://pmsr.net/ont/INS1739823398493725/CTS/0009>	4	
